entry_time,entry_price,expiry_time,exit_price,dir,win,payout,equity
2025-10-20 11:57:08+00:00,849.3187769144675,2025-10-20 11:58:08+00:00,846.707232905985,fall,True,9.42,1009.42
2025-10-20 11:57:13+00:00,848.9130695631194,2025-10-20 11:58:13+00:00,843.1949265188721,fall,True,9.42,1018.8399999999999
2025-10-20 11:57:19+00:00,846.6940173388336,2025-10-20 11:58:19+00:00,845.9531294899101,fall,True,9.42,1028.26
2025-10-20 11:57:39+00:00,848.1829032832487,2025-10-20 11:58:39+00:00,850.113646745457,rise,True,9.42,1037.68
2025-10-20 11:57:47+00:00,849.9514050371441,2025-10-20 11:58:47+00:00,846.1831009729275,rise,False,-10.0,1027.68
2025-10-20 11:58:03+00:00,849.0463974539114,2025-10-20 11:59:03+00:00,844.3918293980757,rise,False,-10.0,1017.6800000000001
2025-10-20 11:58:08+00:00,846.707232905985,2025-10-20 11:59:08+00:00,847.7177026748105,fall,False,-10.0,1007.6800000000001
2025-10-20 11:58:13+00:00,843.1949265188721,2025-10-20 11:59:13+00:00,848.4720756107412,fall,False,-10.0,997.6800000000001
2025-10-20 11:58:21+00:00,843.0033037933124,2025-10-20 11:59:21+00:00,850.7106093664786,fall,False,-10.0,987.6800000000001
2025-10-20 11:58:26+00:00,847.0125210301067,2025-10-20 11:59:26+00:00,851.6387804096834,rise,True,9.42,997.1
2025-10-20 11:58:31+00:00,849.3361180104869,2025-10-20 11:59:31+00:00,858.5603538849111,rise,True,9.42,1006.52
2025-10-20 11:58:51+00:00,845.4951779519287,2025-10-20 11:59:51+00:00,852.3053914888969,fall,False,-10.0,996.52
2025-10-20 11:58:57+00:00,845.1487504520304,2025-10-20 11:59:57+00:00,853.7711595102692,fall,False,-10.0,986.52
2025-10-20 11:59:02+00:00,845.3918664804435,2025-10-20 12:00:02+00:00,863.7531914283894,fall,False,-10.0,976.52
2025-10-20 11:59:22+00:00,849.5068939390304,2025-10-20 12:00:22+00:00,862.969447564512,rise,True,9.42,985.9399999999999
2025-10-20 11:59:27+00:00,851.6782832475002,2025-10-20 12:00:27+00:00,863.2894855904377,rise,True,9.42,995.3599999999999
2025-10-20 11:59:32+00:00,857.2946175502867,2025-10-20 12:00:32+00:00,862.5942515977843,rise,True,9.42,1004.7799999999999
2025-10-20 11:59:56+00:00,852.9786066094563,2025-10-20 12:00:56+00:00,858.141253605734,fall,False,-10.0,994.7799999999999
2025-10-20 12:00:01+00:00,862.0298429681185,2025-10-20 12:01:01+00:00,860.2426125641734,rise,False,-10.0,984.7799999999999
2025-10-20 12:00:06+00:00,866.9068309143672,2025-10-20 12:01:06+00:00,859.1698067919891,rise,False,-10.0,974.7799999999999
2025-10-20 12:00:12+00:00,865.5782211309092,2025-10-20 12:01:12+00:00,859.378275781462,rise,False,-10.0,964.7799999999999
2025-10-20 12:00:17+00:00,865.3104857350967,2025-10-20 12:01:17+00:00,860.044318477587,rise,False,-10.0,954.7799999999999
2025-10-20 12:00:22+00:00,862.969447564512,2025-10-20 12:01:22+00:00,859.4625480316614,fall,True,9.42,964.1999999999998
2025-10-20 12:00:28+00:00,863.5891670625919,2025-10-20 12:01:28+00:00,861.279411972298,fall,True,9.42,973.6199999999998
2025-10-20 12:00:33+00:00,863.3717325162548,2025-10-20 12:01:33+00:00,862.580324744448,fall,True,9.42,983.0399999999997
2025-10-20 12:00:57+00:00,860.6098705616316,2025-10-20 12:01:57+00:00,873.6416735663267,fall,False,-10.0,973.0399999999997
2025-10-20 12:01:02+00:00,858.1088193374043,2025-10-20 12:02:02+00:00,875.4436138802466,fall,False,-10.0,963.0399999999997
2025-10-20 12:01:09+00:00,858.732774147096,2025-10-20 12:02:09+00:00,874.8227443018877,fall,False,-10.0,953.0399999999997
2025-10-20 12:01:22+00:00,859.4625480316614,2025-10-20 12:02:22+00:00,869.6161466783494,fall,False,-10.0,943.0399999999997
2025-10-20 12:01:50+00:00,872.1453368731853,2025-10-20 12:02:50+00:00,881.899738925696,rise,True,9.42,952.4599999999997
2025-10-20 12:01:55+00:00,873.6857901752583,2025-10-20 12:02:55+00:00,874.7278920829423,rise,True,9.42,961.8799999999997
2025-10-20 12:02:00+00:00,876.7678655967459,2025-10-20 12:03:00+00:00,878.9406532589317,rise,True,9.42,971.2999999999996
2025-10-20 12:02:21+00:00,867.3831123529251,2025-10-20 12:03:21+00:00,878.9804997711256,fall,False,-10.0,961.2999999999996
2025-10-20 12:02:26+00:00,869.2104099593965,2025-10-20 12:03:26+00:00,876.3846218232475,fall,False,-10.0,951.2999999999996
2025-10-20 12:02:31+00:00,868.8719034935682,2025-10-20 12:03:31+00:00,883.9462071235045,fall,False,-10.0,941.2999999999996
2025-10-20 12:02:36+00:00,872.143824503273,2025-10-20 12:03:36+00:00,890.7841398515585,rise,True,9.42,950.7199999999996
2025-10-20 12:02:59+00:00,879.7860087424253,2025-10-20 12:03:59+00:00,880.4221748482205,rise,True,9.42,960.1399999999995
2025-10-20 12:03:05+00:00,880.9669085285014,2025-10-20 12:04:05+00:00,878.7741436764439,rise,False,-10.0,950.1399999999995
2025-10-20 12:03:12+00:00,878.2584624954152,2025-10-20 12:04:12+00:00,876.3841176349176,fall,True,9.42,959.5599999999995
2025-10-20 12:03:32+00:00,886.5992183871693,2025-10-20 12:04:32+00:00,879.9637555320146,rise,False,-10.0,949.5599999999995
2025-10-20 12:03:38+00:00,890.405831850686,2025-10-20 12:04:38+00:00,872.1191934913207,rise,False,-10.0,939.5599999999995
2025-10-20 12:03:46+00:00,887.7185041964877,2025-10-20 12:04:46+00:00,880.2575001666244,rise,False,-10.0,929.5599999999995
2025-10-20 12:04:00+00:00,878.853354565387,2025-10-20 12:05:00+00:00,873.2436180148883,fall,True,9.42,938.9799999999994
2025-10-20 12:04:09+00:00,875.1209514464687,2025-10-20 12:05:09+00:00,871.7361497412911,fall,True,9.42,948.3999999999994
2025-10-20 12:04:14+00:00,875.69549923903,2025-10-20 12:05:14+00:00,871.1361251577076,fall,True,9.42,957.8199999999994
2025-10-20 12:04:42+00:00,878.260322825714,2025-10-20 12:05:42+00:00,856.6491697580608,rise,False,-10.0,947.8199999999994
2025-10-20 12:04:47+00:00,878.7216309351347,2025-10-20 12:05:47+00:00,858.0396533233227,rise,False,-10.0,937.8199999999994
2025-10-20 12:04:52+00:00,879.4018872234883,2025-10-20 12:05:52+00:00,860.9987810172431,rise,False,-10.0,927.8199999999994
2025-10-20 12:05:26+00:00,859.8311442924094,2025-10-20 12:06:26+00:00,861.7061033292127,fall,False,-10.0,917.8199999999994
2025-10-20 12:05:34+00:00,861.2838294216467,2025-10-20 12:06:34+00:00,862.9827568091198,fall,False,-10.0,907.8199999999994
2025-10-20 12:05:39+00:00,857.5987787100133,2025-10-20 12:06:39+00:00,860.8223566558136,fall,False,-10.0,897.8199999999994
2025-10-20 12:05:44+00:00,858.8224741155022,2025-10-20 12:06:44+00:00,862.7963139697449,rise,True,9.42,907.2399999999993
2025-10-20 12:05:52+00:00,860.9987810172431,2025-10-20 12:06:52+00:00,868.6503465764481,rise,True,9.42,916.6599999999993
2025-10-20 12:05:58+00:00,858.5568243287096,2025-10-20 12:06:58+00:00,873.5613822051681,fall,False,-10.0,906.6599999999993
2025-10-20 12:06:03+00:00,858.3560408189524,2025-10-20 12:07:03+00:00,874.9048735380578,fall,False,-10.0,896.6599999999993
2025-10-20 12:06:08+00:00,857.5645150619957,2025-10-20 12:07:08+00:00,871.7088431891733,fall,False,-10.0,886.6599999999993
2025-10-20 12:06:13+00:00,857.9962522976862,2025-10-20 12:07:13+00:00,869.5417518934198,rise,True,9.42,896.0799999999992
2025-10-20 12:06:39+00:00,860.8223566558136,2025-10-20 12:07:39+00:00,864.4571901023417,fall,False,-10.0,886.0799999999992
2025-10-20 12:06:48+00:00,867.9915158398884,2025-10-20 12:07:48+00:00,861.6468494537189,rise,False,-10.0,876.0799999999992
2025-10-20 12:06:53+00:00,871.4933833211608,2025-10-20 12:07:53+00:00,863.6598497257507,rise,False,-10.0,866.0799999999992
2025-10-20 12:06:58+00:00,873.5613822051681,2025-10-20 12:07:58+00:00,862.8074981909517,rise,False,-10.0,856.0799999999992
2025-10-20 12:07:03+00:00,874.9048735380578,2025-10-20 12:08:03+00:00,864.216283575404,rise,False,-10.0,846.0799999999992
2025-10-20 12:07:08+00:00,871.7088431891733,2025-10-20 12:08:08+00:00,864.2780483825871,fall,True,9.42,855.4999999999992
2025-10-20 12:07:13+00:00,869.5417518934198,2025-10-20 12:08:13+00:00,865.2196494788956,fall,True,9.42,864.9199999999992
2025-10-20 12:07:25+00:00,869.5806724933799,2025-10-20 12:08:25+00:00,861.9506964066002,rise,False,-10.0,854.9199999999992
2025-10-20 12:07:30+00:00,869.8347929748719,2025-10-20 12:08:30+00:00,863.4716065909086,rise,False,-10.0,844.9199999999992
2025-10-20 12:07:35+00:00,866.3204758166505,2025-10-20 12:08:35+00:00,860.816972820329,fall,True,9.42,854.3399999999991
2025-10-20 12:08:00+00:00,864.580333110486,2025-10-20 12:09:00+00:00,854.8570267506009,rise,False,-10.0,844.3399999999991
2025-10-20 12:08:05+00:00,866.069838872773,2025-10-20 12:09:05+00:00,850.2372044552079,rise,False,-10.0,834.3399999999991
2025-10-20 12:08:11+00:00,864.6626511759545,2025-10-20 12:09:11+00:00,854.2224799988126,fall,True,9.42,843.7599999999991
2025-10-20 12:08:27+00:00,863.8169907026181,2025-10-20 12:09:27+00:00,863.584660620476,rise,False,-10.0,833.7599999999991
2025-10-20 12:08:32+00:00,861.4080566552616,2025-10-20 12:09:32+00:00,862.3962756331595,fall,False,-10.0,823.7599999999991
2025-10-20 12:08:48+00:00,860.3683478653093,2025-10-20 12:09:48+00:00,866.3755382071938,rise,True,9.42,833.179999999999
2025-10-20 12:08:53+00:00,858.8702099658858,2025-10-20 12:09:53+00:00,867.3401897626825,fall,False,-10.0,823.179999999999
2025-10-20 12:08:58+00:00,857.8442951003611,2025-10-20 12:09:58+00:00,865.2463520282288,fall,False,-10.0,813.179999999999
2025-10-20 12:09:04+00:00,851.6413027884557,2025-10-20 12:10:04+00:00,867.4334702009045,fall,False,-10.0,803.179999999999
2025-10-20 12:09:14+00:00,858.1615316785968,2025-10-20 12:10:14+00:00,874.6517424191994,rise,True,9.42,812.599999999999
2025-10-20 12:09:42+00:00,866.8422300304703,2025-10-20 12:10:42+00:00,874.8977217523651,rise,True,9.42,822.019999999999
2025-10-20 12:09:55+00:00,866.0350324884765,2025-10-20 12:10:55+00:00,878.9661155592552,fall,False,-10.0,812.019999999999
2025-10-20 12:10:00+00:00,865.8280752632598,2025-10-20 12:11:00+00:00,883.4181697075779,fall,False,-10.0,802.019999999999
2025-10-20 12:10:05+00:00,869.0012370101075,2025-10-20 12:11:05+00:00,878.8402386382838,rise,True,9.42,811.4399999999989
2025-10-20 12:10:10+00:00,870.3295645893022,2025-10-20 12:11:10+00:00,882.9492959785276,rise,True,9.42,820.8599999999989
2025-10-20 12:10:43+00:00,873.9616410614053,2025-10-20 12:11:43+00:00,908.8739483567238,fall,False,-10.0,810.8599999999989
2025-10-20 12:10:52+00:00,874.8102242833435,2025-10-20 12:11:52+00:00,912.5796349589481,fall,False,-10.0,800.8599999999989
2025-10-20 12:11:05+00:00,878.8402386382838,2025-10-20 12:12:05+00:00,910.6525217315492,fall,False,-10.0,790.8599999999989
2025-10-20 12:11:39+00:00,905.3079326071329,2025-10-20 12:12:39+00:00,920.680758207597,rise,True,9.42,800.2799999999988
2025-10-20 12:11:46+00:00,911.5757172664439,2025-10-20 12:12:46+00:00,914.6236177988628,rise,True,9.42,809.6999999999988
2025-10-20 12:11:52+00:00,912.5796349589481,2025-10-20 12:12:52+00:00,911.0109936596874,rise,False,-10.0,799.6999999999988
2025-10-20 12:11:58+00:00,911.0841328756607,2025-10-20 12:12:58+00:00,911.4371524568702,fall,False,-10.0,789.6999999999988
2025-10-20 12:12:03+00:00,913.2507089913994,2025-10-20 12:13:03+00:00,908.1252407901214,rise,False,-10.0,779.6999999999988
2025-10-20 12:12:08+00:00,909.4901258402733,2025-10-20 12:13:08+00:00,908.9359780461283,fall,True,9.42,789.1199999999988
2025-10-20 12:12:28+00:00,910.9662865692336,2025-10-20 12:13:28+00:00,922.1971508485464,rise,True,9.42,798.5399999999987
2025-10-20 12:12:33+00:00,915.8450950191601,2025-10-20 12:13:33+00:00,922.3400501436117,rise,True,9.42,807.9599999999987
2025-10-20 12:12:40+00:00,918.55459555442,2025-10-20 12:13:40+00:00,928.5623962598194,rise,True,9.42,817.3799999999986
2025-10-20 12:13:02+00:00,908.4760068639024,2025-10-20 12:14:02+00:00,934.2099762856996,fall,False,-10.0,807.3799999999986
2025-10-20 12:13:07+00:00,907.9547137542277,2025-10-20 12:14:07+00:00,933.5708083246972,fall,False,-10.0,797.3799999999986
2025-10-20 12:13:25+00:00,923.5432404298556,2025-10-20 12:14:25+00:00,929.672273440832,rise,True,9.42,806.7999999999986
2025-10-20 12:13:30+00:00,922.3928788058578,2025-10-20 12:14:30+00:00,929.5810652757732,rise,True,9.42,816.2199999999985
2025-10-20 12:13:48+00:00,925.0040735729976,2025-10-20 12:14:48+00:00,933.070021397179,fall,False,-10.0,806.2199999999985
2025-10-20 12:13:54+00:00,930.4292224435352,2025-10-20 12:14:54+00:00,935.1600553355169,rise,True,9.42,815.6399999999985
2025-10-20 12:14:16+00:00,929.5445263507231,2025-10-20 12:15:16+00:00,948.6480986475962,fall,False,-10.0,805.6399999999985
2025-10-20 12:14:21+00:00,929.191567470519,2025-10-20 12:15:21+00:00,948.9496099891668,fall,False,-10.0,795.6399999999985
2025-10-20 12:14:26+00:00,928.95163856609,2025-10-20 12:15:26+00:00,953.8632552758753,fall,False,-10.0,785.6399999999985
2025-10-20 12:14:32+00:00,928.5742005176837,2025-10-20 12:15:32+00:00,957.4911234697254,fall,False,-10.0,775.6399999999985
2025-10-20 12:14:41+00:00,933.7179546034407,2025-10-20 12:15:41+00:00,953.2279036982715,rise,True,9.42,785.0599999999985
2025-10-20 12:14:52+00:00,932.1968777205785,2025-10-20 12:15:52+00:00,954.271624222489,fall,False,-10.0,775.0599999999985
2025-10-20 12:14:59+00:00,933.7658547417245,2025-10-20 12:15:59+00:00,958.8670560797739,fall,False,-10.0,765.0599999999985
2025-10-20 12:15:20+00:00,948.4475741659915,2025-10-20 12:16:20+00:00,953.6807604939027,rise,True,9.42,774.4799999999984
2025-10-20 12:15:25+00:00,952.3971245234427,2025-10-20 12:16:25+00:00,949.1259163457338,rise,False,-10.0,764.4799999999984
2025-10-20 12:15:36+00:00,957.2981656043302,2025-10-20 12:16:36+00:00,953.8642879146493,rise,False,-10.0,754.4799999999984
2025-10-20 12:15:41+00:00,953.2279036982715,2025-10-20 12:16:41+00:00,950.5716113606067,fall,True,9.42,763.8999999999984
2025-10-20 12:16:01+00:00,961.3255723026244,2025-10-20 12:17:01+00:00,956.5517908133371,rise,False,-10.0,753.8999999999984
2025-10-20 12:16:06+00:00,960.3578119040569,2025-10-20 12:17:06+00:00,959.5873906341346,rise,False,-10.0,743.8999999999984
2025-10-20 12:16:12+00:00,957.0104412622688,2025-10-20 12:17:12+00:00,963.8155668945233,fall,False,-10.0,733.8999999999984
2025-10-20 12:16:17+00:00,954.5851487526569,2025-10-20 12:17:17+00:00,958.7622089122074,fall,False,-10.0,723.8999999999984
2025-10-20 12:16:38+00:00,951.8569490066127,2025-10-20 12:17:38+00:00,954.3738282919321,fall,False,-10.0,713.8999999999984
2025-10-20 12:16:43+00:00,948.494642665559,2025-10-20 12:17:43+00:00,956.1368763561064,fall,False,-10.0,703.8999999999984
2025-10-20 12:16:48+00:00,950.7744731295181,2025-10-20 12:17:48+00:00,961.8634566710568,fall,False,-10.0,693.8999999999984
2025-10-20 12:16:58+00:00,952.5664253132694,2025-10-20 12:17:58+00:00,959.1885240519308,rise,True,9.42,703.3199999999983
2025-10-20 12:17:03+00:00,954.4046632714416,2025-10-20 12:18:03+00:00,958.7173990688771,rise,True,9.42,712.7399999999983
2025-10-20 12:17:08+00:00,961.3135594926872,2025-10-20 12:18:08+00:00,960.9927476967879,rise,False,-10.0,702.7399999999983
2025-10-20 12:17:24+00:00,955.0811796456493,2025-10-20 12:18:24+00:00,967.2239358723077,fall,False,-10.0,692.7399999999983
2025-10-20 12:17:36+00:00,955.8565288461523,2025-10-20 12:18:36+00:00,960.8985077349013,fall,False,-10.0,682.7399999999983
2025-10-20 12:17:42+00:00,957.7553455031152,2025-10-20 12:18:42+00:00,962.6029933173849,rise,True,9.42,692.1599999999983
2025-10-20 12:18:16+00:00,960.5833161394166,2025-10-20 12:19:16+00:00,951.9720359293578,rise,False,-10.0,682.1599999999983
2025-10-20 12:18:21+00:00,963.0152596404537,2025-10-20 12:19:21+00:00,948.3796306437705,rise,False,-10.0,672.1599999999983
2025-10-20 12:18:29+00:00,962.4019345991636,2025-10-20 12:19:29+00:00,948.1695941417834,fall,True,9.42,681.5799999999982
2025-10-20 12:18:34+00:00,963.7249959622169,2025-10-20 12:19:34+00:00,953.6210203422874,fall,True,9.42,690.9999999999982
2025-10-20 12:18:42+00:00,962.6029933173849,2025-10-20 12:19:42+00:00,958.2292455779595,rise,False,-10.0,680.9999999999982
2025-10-20 12:18:47+00:00,963.4161864500793,2025-10-20 12:19:47+00:00,959.2624781434081,rise,False,-10.0,670.9999999999982
2025-10-20 12:18:52+00:00,962.9812710279034,2025-10-20 12:19:52+00:00,957.9549491838698,rise,False,-10.0,660.9999999999982
2025-10-20 12:19:12+00:00,951.6152058951027,2025-10-20 12:20:12+00:00,973.9733532257242,fall,False,-10.0,650.9999999999982
2025-10-20 12:19:17+00:00,951.951079120093,2025-10-20 12:20:17+00:00,970.8346716502164,fall,False,-10.0,640.9999999999982
2025-10-20 12:19:22+00:00,950.9671933639839,2025-10-20 12:20:22+00:00,970.2174745819443,fall,False,-10.0,630.9999999999982
2025-10-20 12:19:27+00:00,947.4781604202946,2025-10-20 12:20:27+00:00,970.5337193224082,fall,False,-10.0,620.9999999999982
2025-10-20 12:19:32+00:00,951.2536304068941,2025-10-20 12:20:32+00:00,977.6380494821993,rise,True,9.42,630.4199999999981
2025-10-20 12:20:18+00:00,969.1998591016338,2025-10-20 12:21:18+00:00,985.4041289794892,fall,False,-10.0,620.4199999999981
2025-10-20 12:20:37+00:00,974.8939054626376,2025-10-20 12:21:37+00:00,999.6993463056158,rise,True,9.42,629.8399999999981
2025-10-20 12:20:51+00:00,987.8685973601276,2025-10-20 12:21:51+00:00,1003.8693073095104,rise,True,9.42,639.2599999999981
2025-10-20 12:21:00+00:00,986.6048603309133,2025-10-20 12:22:00+00:00,1006.9474260955004,rise,True,9.42,648.679999999998
2025-10-20 12:21:26+00:00,992.9317921903385,2025-10-20 12:22:26+00:00,999.4725315660065,rise,True,9.42,658.099999999998
2025-10-20 12:21:31+00:00,1001.5290227279518,2025-10-20 12:22:31+00:00,1001.5384365896887,rise,True,9.42,667.5199999999979
2025-10-20 12:21:44+00:00,997.7431483028586,2025-10-20 12:22:44+00:00,994.5030254620983,fall,True,9.42,676.9399999999979
2025-10-20 12:22:05+00:00,1004.1703893565497,2025-10-20 12:23:05+00:00,985.9298936663156,fall,True,9.42,686.3599999999979
2025-10-20 12:22:11+00:00,995.7651427249473,2025-10-20 12:23:11+00:00,987.2151136933383,fall,True,9.42,695.7799999999978
2025-10-20 12:22:20+00:00,1002.1542377948145,2025-10-20 12:23:20+00:00,987.8626976659183,rise,False,-10.0,685.7799999999978
2025-10-20 12:22:29+00:00,1001.9371729327751,2025-10-20 12:23:29+00:00,989.6679512941804,rise,False,-10.0,675.7799999999978
2025-10-20 12:22:38+00:00,999.8049961874539,2025-10-20 12:23:38+00:00,995.6402962418732,fall,True,9.42,685.1999999999978
2025-10-20 12:23:09+00:00,988.5414627668392,2025-10-20 12:24:09+00:00,1007.7957857188673,fall,False,-10.0,675.1999999999978
2025-10-20 12:23:14+00:00,987.1696940433983,2025-10-20 12:24:14+00:00,1007.3096580419294,fall,False,-10.0,665.1999999999978
2025-10-20 12:23:22+00:00,985.1201945495001,2025-10-20 12:24:22+00:00,1008.2971276636204,fall,False,-10.0,655.1999999999978
2025-10-20 12:23:30+00:00,991.4106198579755,2025-10-20 12:24:30+00:00,1013.383205730961,rise,True,9.42,664.6199999999977
2025-10-20 12:23:59+00:00,1001.8075714381149,2025-10-20 12:24:59+00:00,1022.1835175325949,rise,True,9.42,674.0399999999977
2025-10-20 12:24:05+00:00,1007.439613914179,2025-10-20 12:25:05+00:00,1019.5309087513627,rise,True,9.42,683.4599999999976
2025-10-20 12:24:45+00:00,1012.6830718813585,2025-10-20 12:25:45+00:00,1024.3916707941962,fall,False,-10.0,673.4599999999976
2025-10-20 12:25:09+00:00,1021.3230065691372,2025-10-20 12:26:09+00:00,1033.4550990623748,rise,True,9.42,682.8799999999976
2025-10-20 12:25:25+00:00,1027.2003853798574,2025-10-20 12:26:25+00:00,1026.6664442914432,rise,False,-10.0,672.8799999999976
2025-10-20 12:25:44+00:00,1023.6048668949086,2025-10-20 12:26:44+00:00,1023.6322852118287,fall,False,-10.0,662.8799999999976
2025-10-20 12:25:49+00:00,1030.1737150477863,2025-10-20 12:26:49+00:00,1017.369552462748,rise,False,-10.0,652.8799999999976
2025-10-20 12:25:54+00:00,1033.529426499334,2025-10-20 12:26:54+00:00,1014.5948877018736,rise,False,-10.0,642.8799999999976
2025-10-20 12:25:59+00:00,1035.1728554419396,2025-10-20 12:26:59+00:00,1015.9436984392065,rise,False,-10.0,632.8799999999976
2025-10-20 12:26:04+00:00,1038.0660008764594,2025-10-20 12:27:04+00:00,1019.3445099040764,rise,False,-10.0,622.8799999999976
2025-10-20 12:26:13+00:00,1028.0052524770667,2025-10-20 12:27:13+00:00,1013.394671908717,fall,True,9.42,632.2999999999976
2025-10-20 12:26:26+00:00,1025.558490293835,2025-10-20 12:27:26+00:00,1016.9633325199871,fall,True,9.42,641.7199999999975
2025-10-20 12:26:47+00:00,1018.7249777998531,2025-10-20 12:27:47+00:00,1021.8938842549899,fall,False,-10.0,631.7199999999975
2025-10-20 12:27:02+00:00,1017.4441187054039,2025-10-20 12:28:02+00:00,1019.1754627841195,rise,True,9.42,641.1399999999975
2025-10-20 12:27:12+00:00,1014.1977592703284,2025-10-20 12:28:12+00:00,1020.8215459875663,fall,False,-10.0,631.1399999999975
2025-10-20 12:27:17+00:00,1014.2107728983328,2025-10-20 12:28:17+00:00,1021.3900041768497,fall,False,-10.0,621.1399999999975
2025-10-20 12:27:24+00:00,1016.4283893565375,2025-10-20 12:28:24+00:00,1025.9174461891264,rise,True,9.42,630.5599999999974
2025-10-20 12:27:32+00:00,1020.6352331977956,2025-10-20 12:28:32+00:00,1017.641465937247,rise,False,-10.0,620.5599999999974
2025-10-20 12:27:37+00:00,1020.3142600075429,2025-10-20 12:28:37+00:00,1014.4278375279298,rise,False,-10.0,610.5599999999974
2025-10-20 12:27:45+00:00,1020.6036105786724,2025-10-20 12:28:45+00:00,1020.7581430760139,rise,True,9.42,619.9799999999974
2025-10-20 12:28:05+00:00,1018.2839248036329,2025-10-20 12:29:05+00:00,1020.0372731479198,fall,False,-10.0,609.9799999999974
2025-10-20 12:28:10+00:00,1020.2368436154343,2025-10-20 12:29:10+00:00,1025.6209853519908,rise,True,9.42,619.3999999999974
2025-10-20 12:28:15+00:00,1023.0347430162371,2025-10-20 12:29:15+00:00,1028.649889183852,rise,True,9.42,628.8199999999973
2025-10-20 12:28:22+00:00,1024.1691028245486,2025-10-20 12:29:22+00:00,1026.2893875059901,rise,True,9.42,638.2399999999973
2025-10-20 12:28:43+00:00,1016.9105505869445,2025-10-20 12:29:43+00:00,1034.6221344464743,fall,False,-10.0,628.2399999999973
2025-10-20 12:28:48+00:00,1019.6458368333111,2025-10-20 12:29:48+00:00,1036.5543940203477,rise,True,9.42,637.6599999999972
2025-10-20 12:29:04+00:00,1020.9107650889849,2025-10-20 12:30:04+00:00,1025.1642444081401,fall,False,-10.0,627.6599999999972
2025-10-20 12:29:14+00:00,1027.7964824848468,2025-10-20 12:30:14+00:00,1022.5931127547523,rise,False,-10.0,617.6599999999972
2025-10-20 12:29:26+00:00,1027.0345021485607,2025-10-20 12:30:26+00:00,1029.6687513920892,fall,False,-10.0,607.6599999999972
2025-10-20 12:29:32+00:00,1026.18631050168,2025-10-20 12:30:32+00:00,1025.2659612248713,fall,True,9.42,617.0799999999972
2025-10-20 12:29:37+00:00,1029.9267842518514,2025-10-20 12:30:37+00:00,1025.2565876358108,rise,False,-10.0,607.0799999999972
2025-10-20 12:29:42+00:00,1032.8187643892622,2025-10-20 12:30:42+00:00,1025.020533178557,rise,False,-10.0,597.0799999999972
2025-10-20 12:29:48+00:00,1036.5543940203477,2025-10-20 12:30:48+00:00,1021.0473286877391,rise,False,-10.0,587.0799999999972
2025-10-20 12:30:01+00:00,1028.8118997523338,2025-10-20 12:31:01+00:00,1024.1285120458278,fall,True,9.42,596.4999999999972
2025-10-20 12:30:21+00:00,1023.8265238792468,2025-10-20 12:31:21+00:00,1020.8968505735486,rise,False,-10.0,586.4999999999972
2025-10-20 12:30:26+00:00,1029.6687513920892,2025-10-20 12:31:26+00:00,1022.117644403686,rise,False,-10.0,576.4999999999972
2025-10-20 12:30:31+00:00,1025.859884882041,2025-10-20 12:31:31+00:00,1021.0763901071473,rise,False,-10.0,566.4999999999972
2025-10-20 12:30:38+00:00,1025.2626371541028,2025-10-20 12:31:38+00:00,1020.5335187073448,fall,True,9.42,575.9199999999971
2025-10-20 12:30:43+00:00,1024.053358444944,2025-10-20 12:31:43+00:00,1020.0463905411588,fall,True,9.42,585.3399999999971
2025-10-20 12:30:48+00:00,1021.0473286877391,2025-10-20 12:31:48+00:00,1017.1501015909865,fall,True,9.42,594.759999999997
2025-10-20 12:31:22+00:00,1021.3675621129648,2025-10-20 12:32:22+00:00,1019.4007713481897,fall,True,9.42,604.179999999997
2025-10-20 12:31:28+00:00,1021.5555794799876,2025-10-20 12:32:28+00:00,1016.0439959637733,rise,False,-10.0,594.179999999997
2025-10-20 12:31:36+00:00,1020.8868619209042,2025-10-20 12:32:36+00:00,1020.9712944022469,fall,False,-10.0,584.179999999997
2025-10-20 12:31:42+00:00,1019.9650117780652,2025-10-20 12:32:42+00:00,1019.7042243594883,fall,True,9.42,593.599999999997
2025-10-20 12:31:47+00:00,1018.6216256528994,2025-10-20 12:32:47+00:00,1019.0221922523992,fall,False,-10.0,583.599999999997
2025-10-20 12:32:00+00:00,1020.5376536024904,2025-10-20 12:33:00+00:00,1020.257777455712,rise,False,-10.0,573.599999999997
2025-10-20 12:32:05+00:00,1022.6907441853967,2025-10-20 12:33:05+00:00,1019.9301126064661,rise,False,-10.0,563.599999999997
2025-10-20 12:32:18+00:00,1019.7120130632006,2025-10-20 12:33:18+00:00,1023.2277127500051,fall,False,-10.0,553.599999999997
2025-10-20 12:32:23+00:00,1019.4521010806336,2025-10-20 12:33:23+00:00,1023.2117237944191,fall,False,-10.0,543.599999999997
2025-10-20 12:32:28+00:00,1016.0439959637733,2025-10-20 12:33:28+00:00,1021.5730638920087,fall,False,-10.0,533.599999999997
2025-10-20 12:32:33+00:00,1018.3529011023543,2025-10-20 12:33:33+00:00,1024.0595730454047,fall,False,-10.0,523.599999999997
2025-10-20 12:32:38+00:00,1017.9086413470595,2025-10-20 12:33:38+00:00,1026.1244024346672,fall,False,-10.0,513.599999999997
2025-10-20 12:32:43+00:00,1019.2444530746062,2025-10-20 12:33:43+00:00,1022.1397009759182,rise,True,9.42,523.0199999999969
2025-10-20 12:33:04+00:00,1019.6255533550504,2025-10-20 12:34:04+00:00,1024.0591811636625,fall,False,-10.0,513.0199999999969
2025-10-20 12:33:23+00:00,1023.2117237944191,2025-10-20 12:34:23+00:00,1020.2252091731534,rise,False,-10.0,503.0199999999969
2025-10-20 12:33:29+00:00,1024.7426465757585,2025-10-20 12:34:29+00:00,1017.4321688208239,rise,False,-10.0,493.0199999999969
2025-10-20 12:33:34+00:00,1023.8077367855776,2025-10-20 12:34:34+00:00,1014.9404144962771,rise,False,-10.0,483.0199999999969
2025-10-20 12:33:42+00:00,1025.074856702486,2025-10-20 12:34:42+00:00,1021.2086029499274,rise,False,-10.0,473.0199999999969
2025-10-20 12:33:53+00:00,1025.9675309839051,2025-10-20 12:34:53+00:00,1020.8382096139786,rise,False,-10.0,463.0199999999969
2025-10-20 12:33:59+00:00,1022.6961942378176,2025-10-20 12:34:59+00:00,1030.4289371253847,fall,False,-10.0,453.0199999999969
2025-10-20 12:34:04+00:00,1024.0591811636625,2025-10-20 12:35:04+00:00,1035.1639566321523,rise,True,9.42,462.4399999999969
2025-10-20 12:34:15+00:00,1022.5662955373368,2025-10-20 12:35:15+00:00,1039.8777304388673,rise,True,9.42,471.85999999999694
2025-10-20 12:34:22+00:00,1021.2187712918958,2025-10-20 12:35:22+00:00,1040.5712525575154,fall,False,-10.0,461.85999999999694
2025-10-20 12:34:27+00:00,1018.1158911221981,2025-10-20 12:35:27+00:00,1040.8082789877958,fall,False,-10.0,451.85999999999694
2025-10-20 12:34:32+00:00,1014.5809986884155,2025-10-20 12:35:32+00:00,1041.6827545941871,fall,False,-10.0,441.85999999999694
2025-10-20 12:34:37+00:00,1016.1719852066147,2025-10-20 12:35:37+00:00,1039.4291891059859,fall,False,-10.0,431.85999999999694
2025-10-20 12:35:17+00:00,1039.283291608047,2025-10-20 12:36:17+00:00,1031.835921900406,rise,False,-10.0,421.85999999999694
2025-10-20 12:35:22+00:00,1040.5712525575154,2025-10-20 12:36:22+00:00,1029.2741957191306,rise,False,-10.0,411.85999999999694
2025-10-20 12:35:31+00:00,1041.031295177603,2025-10-20 12:36:31+00:00,1020.3783265424885,rise,False,-10.0,401.85999999999694
2025-10-20 12:35:42+00:00,1041.2026383683485,2025-10-20 12:36:42+00:00,1026.4819157847478,rise,False,-10.0,391.85999999999694
2025-10-20 12:35:49+00:00,1039.5256647040756,2025-10-20 12:36:49+00:00,1027.419721629216,fall,True,9.42,401.27999999999696
2025-10-20 12:36:21+00:00,1030.648462009419,2025-10-20 12:37:21+00:00,1026.1295521189315,fall,True,9.42,410.699999999997
2025-10-20 12:36:26+00:00,1023.8347411506518,2025-10-20 12:37:26+00:00,1027.0613587194186,fall,False,-10.0,400.699999999997
2025-10-20 12:36:31+00:00,1020.3783265424885,2025-10-20 12:37:31+00:00,1028.221849581874,fall,False,-10.0,390.699999999997
2025-10-20 12:36:37+00:00,1022.1075529160696,2025-10-20 12:37:37+00:00,1029.8124942011598,fall,False,-10.0,380.699999999997
2025-10-20 12:36:48+00:00,1026.8136777478237,2025-10-20 12:37:48+00:00,1036.0768166593846,rise,True,9.42,390.119999999997
2025-10-20 12:36:53+00:00,1028.491288869221,2025-10-20 12:37:53+00:00,1039.8673345522718,rise,True,9.42,399.539999999997
2025-10-20 12:37:19+00:00,1028.4996515706277,2025-10-20 12:38:19+00:00,1039.0662556449397,fall,False,-10.0,389.539999999997
2025-10-20 12:37:24+00:00,1023.7674113878456,2025-10-20 12:38:24+00:00,1039.1671570611147,fall,False,-10.0,379.539999999997
2025-10-20 12:37:42+00:00,1035.8356995277568,2025-10-20 12:38:42+00:00,1044.1870192354168,rise,True,9.42,388.959999999997
2025-10-20 12:37:47+00:00,1033.876925664403,2025-10-20 12:38:47+00:00,1044.1372984249535,rise,True,9.42,398.37999999999704
2025-10-20 12:37:58+00:00,1038.633582995621,2025-10-20 12:38:58+00:00,1041.584355496412,rise,True,9.42,407.79999999999706
2025-10-20 12:38:29+00:00,1036.0259844618051,2025-10-20 12:39:29+00:00,1042.2917627854858,fall,False,-10.0,397.79999999999706
2025-10-20 12:38:34+00:00,1039.6705084116354,2025-10-20 12:39:34+00:00,1047.9272628582926,rise,True,9.42,407.21999999999707
2025-10-20 12:38:40+00:00,1044.8261428151718,2025-10-20 12:39:40+00:00,1045.1747643212534,rise,True,9.42,416.6399999999971
2025-10-20 12:38:49+00:00,1043.6864040261976,2025-10-20 12:39:49+00:00,1045.6570739241372,rise,True,9.42,426.0599999999971
2025-10-20 12:39:11+00:00,1040.6093413047815,2025-10-20 12:40:11+00:00,1042.3731385059887,fall,False,-10.0,416.0599999999971
2025-10-20 12:39:16+00:00,1037.8776399990236,2025-10-20 12:40:16+00:00,1045.2211645254304,fall,False,-10.0,406.0599999999971
2025-10-20 12:39:21+00:00,1038.4537240820628,2025-10-20 12:40:21+00:00,1047.5341322243462,fall,False,-10.0,396.0599999999971
2025-10-20 12:39:28+00:00,1041.8508081787509,2025-10-20 12:40:28+00:00,1054.9869808741244,rise,True,9.42,405.4799999999971
2025-10-20 12:39:33+00:00,1046.0719095346644,2025-10-20 12:40:33+00:00,1055.2505253823358,rise,True,9.42,414.89999999999714
2025-10-20 12:39:38+00:00,1046.430109029773,2025-10-20 12:40:38+00:00,1048.896686954588,rise,True,9.42,424.31999999999715
2025-10-20 12:39:58+00:00,1035.0476425873808,2025-10-20 12:40:58+00:00,1049.4179258173103,fall,False,-10.0,414.31999999999715
2025-10-20 12:40:03+00:00,1037.3740716250804,2025-10-20 12:41:03+00:00,1051.5033676422818,fall,False,-10.0,404.31999999999715
2025-10-20 12:40:08+00:00,1038.3867246061088,2025-10-20 12:41:08+00:00,1044.5156052082757,fall,False,-10.0,394.31999999999715
2025-10-20 12:40:19+00:00,1047.768508357734,2025-10-20 12:41:19+00:00,1046.1652766734317,rise,False,-10.0,384.31999999999715
2025-10-20 12:40:24+00:00,1049.0518108258586,2025-10-20 12:41:24+00:00,1045.032128353032,rise,False,-10.0,374.31999999999715
2025-10-20 12:40:34+00:00,1054.292392049446,2025-10-20 12:41:34+00:00,1057.2314481482802,rise,True,9.42,383.73999999999717
2025-10-20 12:40:43+00:00,1052.057009964226,2025-10-20 12:41:43+00:00,1063.244933525835,rise,True,9.42,393.1599999999972
2025-10-20 12:40:48+00:00,1053.6953872531458,2025-10-20 12:41:48+00:00,1060.913517691372,rise,True,9.42,402.5799999999972
2025-10-20 12:41:14+00:00,1045.5527294741487,2025-10-20 12:42:14+00:00,1080.0994880022613,fall,False,-10.0,392.5799999999972
2025-10-20 12:41:19+00:00,1046.1652766734317,2025-10-20 12:42:19+00:00,1075.1751834507784,fall,False,-10.0,382.5799999999972
2025-10-20 12:41:24+00:00,1045.032128353032,2025-10-20 12:42:24+00:00,1079.0362548335675,fall,False,-10.0,372.5799999999972
2025-10-20 12:42:00+00:00,1067.8942027372862,2025-10-20 12:43:00+00:00,1065.5657758866387,rise,False,-10.0,362.5799999999972
2025-10-20 12:42:11+00:00,1078.4420739323411,2025-10-20 12:43:11+00:00,1060.8816998589484,rise,False,-10.0,352.5799999999972
2025-10-20 12:42:16+00:00,1075.9002366971151,2025-10-20 12:43:16+00:00,1061.2323026256747,rise,False,-10.0,342.5799999999972
2025-10-20 12:42:24+00:00,1079.0362548335675,2025-10-20 12:43:24+00:00,1061.568521160479,rise,False,-10.0,332.5799999999972
2025-10-20 12:42:33+00:00,1077.901956360057,2025-10-20 12:43:33+00:00,1065.4700373494998,rise,False,-10.0,322.5799999999972
2025-10-20 12:42:38+00:00,1079.2965461634408,2025-10-20 12:43:38+00:00,1067.7171357370644,rise,False,-10.0,312.5799999999972
2025-10-20 12:42:55+00:00,1069.5048682700747,2025-10-20 12:43:55+00:00,1073.4526673850921,fall,False,-10.0,302.5799999999972
2025-10-20 12:43:07+00:00,1063.2925313222568,2025-10-20 12:44:07+00:00,1067.2684042329997,fall,False,-10.0,292.5799999999972
2025-10-20 12:43:12+00:00,1064.941250354919,2025-10-20 12:44:12+00:00,1069.012360089071,fall,False,-10.0,282.5799999999972
2025-10-20 12:43:18+00:00,1059.9018189162284,2025-10-20 12:44:18+00:00,1066.0642593037292,fall,False,-10.0,272.5799999999972
2025-10-20 12:43:28+00:00,1066.8947841808547,2025-10-20 12:44:28+00:00,1060.81656495121,rise,False,-10.0,262.5799999999972
2025-10-20 12:43:39+00:00,1069.1643096526514,2025-10-20 12:44:39+00:00,1050.2764451860965,rise,False,-10.0,252.5799999999972
2025-10-20 12:43:44+00:00,1066.7053862896832,2025-10-20 12:44:44+00:00,1049.4423702367603,rise,False,-10.0,242.5799999999972
2025-10-20 12:43:49+00:00,1074.6138666337833,2025-10-20 12:44:49+00:00,1055.22383404222,rise,False,-10.0,232.5799999999972
2025-10-20 12:43:55+00:00,1073.4526673850921,2025-10-20 12:44:55+00:00,1052.4339576967693,rise,False,-10.0,222.5799999999972
2025-10-20 12:44:04+00:00,1067.2281383874329,2025-10-20 12:45:04+00:00,1052.4062615285661,fall,True,9.42,231.9999999999972
2025-10-20 12:44:12+00:00,1069.012360089071,2025-10-20 12:45:12+00:00,1059.2372410455896,rise,False,-10.0,221.9999999999972
2025-10-20 12:44:22+00:00,1068.5215744967657,2025-10-20 12:45:22+00:00,1064.178402581613,rise,False,-10.0,211.9999999999972
2025-10-20 12:44:28+00:00,1060.81656495121,2025-10-20 12:45:28+00:00,1066.670274457054,fall,False,-10.0,201.9999999999972
2025-10-20 12:44:33+00:00,1053.6251656703641,2025-10-20 12:45:33+00:00,1065.4781739440027,fall,False,-10.0,191.9999999999972
2025-10-20 12:44:46+00:00,1056.1341297559266,2025-10-20 12:45:46+00:00,1064.28631249119,rise,True,9.42,201.41999999999717
2025-10-20 12:44:55+00:00,1052.4339576967693,2025-10-20 12:45:55+00:00,1062.8604226061648,fall,False,-10.0,191.41999999999717
2025-10-20 12:45:00+00:00,1052.5511353704637,2025-10-20 12:46:00+00:00,1059.919552495289,fall,False,-10.0,181.41999999999717
2025-10-20 12:45:18+00:00,1059.6326283671374,2025-10-20 12:46:18+00:00,1061.3733345269918,rise,True,9.42,190.83999999999716
2025-10-20 12:45:44+00:00,1063.0486424755538,2025-10-20 12:46:44+00:00,1058.301469218783,rise,False,-10.0,180.83999999999716
2025-10-20 12:45:58+00:00,1062.2053714085248,2025-10-20 12:46:58+00:00,1052.678690884352,fall,True,9.42,190.25999999999715
2025-10-20 12:46:03+00:00,1054.955746404782,2025-10-20 12:47:03+00:00,1048.0260417823358,fall,True,9.42,199.67999999999714
2025-10-20 12:46:10+00:00,1061.3433559426642,2025-10-20 12:47:10+00:00,1045.4392419022795,rise,False,-10.0,189.67999999999714
2025-10-20 12:46:15+00:00,1062.7974088088895,2025-10-20 12:47:15+00:00,1047.2184679861612,rise,False,-10.0,179.67999999999714
2025-10-20 12:46:20+00:00,1063.3355439533484,2025-10-20 12:47:20+00:00,1047.9118903430353,rise,False,-10.0,169.67999999999714
2025-10-20 12:46:25+00:00,1064.975176663858,2025-10-20 12:47:25+00:00,1045.8841698318035,rise,False,-10.0,159.67999999999714
2025-10-20 12:46:42+00:00,1062.2878918493288,2025-10-20 12:47:42+00:00,1043.9557834985726,rise,False,-10.0,149.67999999999714
2025-10-20 12:47:02+00:00,1047.3257787135042,2025-10-20 12:48:02+00:00,1045.7212276128269,fall,True,9.42,159.09999999999712
2025-10-20 12:47:35+00:00,1038.6466350769967,2025-10-20 12:48:35+00:00,1048.652597624048,fall,False,-10.0,149.09999999999712
2025-10-20 12:47:42+00:00,1043.9557834985726,2025-10-20 12:48:42+00:00,1048.3170705785024,rise,True,9.42,158.5199999999971
2025-10-20 12:47:47+00:00,1049.5973386734433,2025-10-20 12:48:47+00:00,1050.2164922644529,rise,True,9.42,167.9399999999971
2025-10-20 12:47:59+00:00,1047.0332461029236,2025-10-20 12:48:59+00:00,1045.3177004042473,fall,True,9.42,177.3599999999971
2025-10-20 12:48:28+00:00,1046.10934723879,2025-10-20 12:49:28+00:00,1022.77058919463,fall,True,9.42,186.77999999999707
2025-10-20 12:48:35+00:00,1048.652597624048,2025-10-20 12:49:35+00:00,1024.0758597289928,rise,False,-10.0,176.77999999999707
2025-10-20 12:48:46+00:00,1048.769167608592,2025-10-20 12:49:46+00:00,1027.7483399249063,rise,False,-10.0,166.77999999999707
2025-10-20 12:48:51+00:00,1050.3436509531418,2025-10-20 12:49:51+00:00,1026.467937162507,rise,False,-10.0,156.77999999999707
2025-10-20 12:49:14+00:00,1034.8687328323535,2025-10-20 12:50:14+00:00,1037.424906712734,fall,False,-10.0,146.77999999999707
2025-10-20 12:49:21+00:00,1028.1141353069288,2025-10-20 12:50:21+00:00,1037.5965050537748,fall,False,-10.0,136.77999999999707
2025-10-20 12:49:26+00:00,1025.682870200882,2025-10-20 12:50:26+00:00,1034.2821796221185,fall,False,-10.0,126.77999999999707
2025-10-20 12:49:36+00:00,1026.0917220850515,2025-10-20 12:50:36+00:00,1040.1001256973752,fall,False,-10.0,116.77999999999707
2025-10-20 12:49:48+00:00,1026.0326826561106,2025-10-20 12:50:48+00:00,1039.7399014708355,fall,False,-10.0,106.77999999999707
2025-10-20 12:49:53+00:00,1027.4795392424844,2025-10-20 12:50:53+00:00,1042.1294234135817,fall,False,-10.0,96.77999999999707
2025-10-20 12:49:58+00:00,1027.1401692335462,2025-10-20 12:50:58+00:00,1046.0140136074192,fall,False,-10.0,86.77999999999707
2025-10-20 12:50:04+00:00,1034.0814783942822,2025-10-20 12:51:04+00:00,1048.221788042998,rise,True,9.42,96.19999999999708
2025-10-20 12:50:09+00:00,1033.5830475463738,2025-10-20 12:51:09+00:00,1051.0566806970412,rise,True,9.42,105.61999999999708
2025-10-20 12:50:55+00:00,1044.9266839170205,2025-10-20 12:51:55+00:00,1053.8093853843493,rise,True,9.42,115.03999999999708
2025-10-20 12:51:00+00:00,1047.370916797796,2025-10-20 12:52:00+00:00,1053.3485053054403,rise,True,9.42,124.45999999999708
2025-10-20 12:51:05+00:00,1046.8673768921524,2025-10-20 12:52:05+00:00,1057.8458253238132,rise,True,9.42,133.87999999999707
2025-10-20 12:51:25+00:00,1045.7809531054602,2025-10-20 12:52:25+00:00,1060.754585707132,fall,False,-10.0,123.87999999999707
2025-10-20 12:51:30+00:00,1045.3402597844379,2025-10-20 12:52:30+00:00,1056.7485733297199,fall,False,-10.0,113.87999999999707
2025-10-20 12:51:35+00:00,1044.9787412693424,2025-10-20 12:52:35+00:00,1046.8000167663292,fall,False,-10.0,103.87999999999707
2025-10-20 12:51:41+00:00,1048.8997990970079,2025-10-20 12:52:41+00:00,1050.0088657861725,rise,True,9.42,113.29999999999707
2025-10-20 12:51:50+00:00,1055.0519514311914,2025-10-20 12:52:50+00:00,1047.023098321779,rise,False,-10.0,103.29999999999707
2025-10-20 12:51:59+00:00,1052.0763783159528,2025-10-20 12:52:59+00:00,1055.094118074769,fall,False,-10.0,93.29999999999707
2025-10-20 12:52:08+00:00,1053.6204435033114,2025-10-20 12:53:08+00:00,1055.5604044584886,fall,False,-10.0,83.29999999999707
2025-10-20 12:52:13+00:00,1056.3247040220506,2025-10-20 12:53:13+00:00,1060.345990254055,rise,True,9.42,92.71999999999707
2025-10-20 12:52:18+00:00,1061.2246457091787,2025-10-20 12:53:18+00:00,1058.3656874992034,rise,False,-10.0,82.71999999999707
2025-10-20 12:52:23+00:00,1061.4895680749084,2025-10-20 12:53:23+00:00,1062.5725833891393,rise,True,9.42,92.13999999999707
2025-10-20 12:52:51+00:00,1050.2906824234888,2025-10-20 12:53:51+00:00,1069.388354063737,fall,False,-10.0,82.13999999999707
2025-10-20 12:53:06+00:00,1052.5283509332423,2025-10-20 12:54:06+00:00,1063.1702093621886,fall,False,-10.0,72.13999999999707
2025-10-20 12:53:12+00:00,1060.0327676567251,2025-10-20 12:54:12+00:00,1068.0191771686368,rise,True,9.42,81.55999999999707
2025-10-20 12:53:17+00:00,1058.1564206437106,2025-10-20 12:54:17+00:00,1067.5296206839262,rise,True,9.42,90.97999999999708
2025-10-20 12:53:31+00:00,1058.3633633413,2025-10-20 12:54:31+00:00,1063.8892652128284,fall,False,-10.0,80.97999999999708
2025-10-20 12:53:36+00:00,1058.545499745511,2025-10-20 12:54:36+00:00,1057.1575925755976,fall,True,9.42,90.39999999999708
2025-10-20 12:53:59+00:00,1068.5969127682984,2025-10-20 12:54:59+00:00,1059.5755715529192,fall,True,9.42,99.81999999999708
2025-10-20 12:54:12+00:00,1068.0191771686368,2025-10-20 12:55:12+00:00,1055.9146651828025,rise,False,-10.0,89.81999999999708
2025-10-20 12:54:17+00:00,1067.5296206839262,2025-10-20 12:55:17+00:00,1054.0795179346906,rise,False,-10.0,79.81999999999708
2025-10-20 12:54:28+00:00,1060.4726264824326,2025-10-20 12:55:28+00:00,1061.4311101520932,fall,False,-10.0,69.81999999999708
2025-10-20 12:54:33+00:00,1059.4825937381365,2025-10-20 12:55:33+00:00,1065.2089306950954,fall,False,-10.0,59.81999999999708
2025-10-20 12:54:43+00:00,1056.7406188269895,2025-10-20 12:55:43+00:00,1065.207704706364,fall,False,-10.0,49.81999999999708
2025-10-20 12:54:49+00:00,1060.6040172473615,2025-10-20 12:55:49+00:00,1067.2622416267304,rise,True,9.42,59.23999999999708
2025-10-20 12:54:54+00:00,1061.1436296621644,2025-10-20 12:55:54+00:00,1063.1344570037509,rise,True,9.42,68.65999999999708
2025-10-20 12:55:16+00:00,1054.3564245281675,2025-10-20 12:56:16+00:00,1068.925724328818,fall,False,-10.0,58.65999999999708
2025-10-20 12:55:21+00:00,1055.1830367284374,2025-10-20 12:56:21+00:00,1069.4725920309481,fall,False,-10.0,48.65999999999708
2025-10-20 12:55:32+00:00,1063.8698051333895,2025-10-20 12:56:32+00:00,1073.3426437187065,rise,True,9.42,58.079999999997085
2025-10-20 12:55:37+00:00,1067.2379081584556,2025-10-20 12:56:37+00:00,1075.335452601285,rise,True,9.42,67.49999999999709
2025-10-20 12:55:54+00:00,1063.1344570037509,2025-10-20 12:56:54+00:00,1074.1358464279947,fall,False,-10.0,57.49999999999709
2025-10-20 12:55:59+00:00,1067.0411257353396,2025-10-20 12:56:59+00:00,1073.2410157085176,rise,True,9.42,66.91999999999709
2025-10-20 12:56:25+00:00,1073.5839150184588,2025-10-20 12:57:25+00:00,1071.9789581511466,rise,False,-10.0,56.91999999999709
2025-10-20 12:56:35+00:00,1077.651581093119,2025-10-20 12:57:35+00:00,1074.351269156563,rise,False,-10.0,46.91999999999709
2025-10-20 12:56:45+00:00,1076.0537182431895,2025-10-20 12:57:45+00:00,1077.2133162618252,rise,True,9.42,56.33999999999709
2025-10-20 12:56:53+00:00,1074.0454440749043,2025-10-20 12:57:53+00:00,1077.0274708167267,fall,False,-10.0,46.33999999999709
2025-10-20 12:57:04+00:00,1073.0974396831848,2025-10-20 12:58:04+00:00,1090.0031805501276,fall,False,-10.0,36.33999999999709
2025-10-20 12:57:10+00:00,1074.79750405167,2025-10-20 12:58:10+00:00,1091.6657492133447,rise,True,9.42,45.75999999999709
2025-10-20 12:57:15+00:00,1071.1243031531433,2025-10-20 12:58:15+00:00,1092.702007257483,fall,False,-10.0,35.75999999999709
2025-10-20 12:57:20+00:00,1070.78795711153,2025-10-20 12:58:20+00:00,1095.2001506220558,fall,False,-10.0,25.759999999997092
2025-10-20 12:57:28+00:00,1069.4662198080339,2025-10-20 12:58:28+00:00,1098.063422226026,fall,False,-10.0,15.759999999997092
2025-10-20 12:58:04+00:00,1090.0031805501276,2025-10-20 12:59:04+00:00,1085.4534653408873,rise,False,-10.0,5.759999999997092
2025-10-20 12:58:27+00:00,1094.581547850102,2025-10-20 12:59:27+00:00,1080.777241800015,rise,False,-10.0,-4.240000000002908
2025-10-20 12:58:32+00:00,1101.7598743042379,2025-10-20 12:59:32+00:00,1075.0765644901248,rise,False,-10.0,-14.240000000002908
2025-10-20 12:58:37+00:00,1097.4096320722424,2025-10-20 12:59:37+00:00,1072.1996116980254,rise,False,-10.0,-24.240000000002908
2025-10-20 12:58:52+00:00,1088.4879338107555,2025-10-20 12:59:52+00:00,1065.781642648215,fall,True,9.42,-14.820000000002908
2025-10-20 12:59:12+00:00,1085.6890810719412,2025-10-20 13:00:12+00:00,1053.4106816168428,rise,False,-10.0,-24.820000000002906
2025-10-20 12:59:18+00:00,1086.6817544066205,2025-10-20 13:00:18+00:00,1053.4565781297486,rise,False,-10.0,-34.820000000002906
2025-10-20 12:59:23+00:00,1086.5328030527478,2025-10-20 13:00:23+00:00,1056.5086764742896,rise,False,-10.0,-44.820000000002906
2025-10-20 13:00:02+00:00,1062.2636217429815,2025-10-20 13:01:02+00:00,1049.1031513986277,fall,True,9.42,-35.400000000002905
2025-10-20 13:00:18+00:00,1053.4565781297486,2025-10-20 13:01:18+00:00,1039.222191662127,fall,True,9.42,-25.980000000002903
2025-10-20 13:00:23+00:00,1056.5086764742896,2025-10-20 13:01:23+00:00,1041.5244153942363,rise,False,-10.0,-35.9800000000029
2025-10-20 13:00:36+00:00,1054.1713602004002,2025-10-20 13:01:36+00:00,1046.2043816161938,rise,False,-10.0,-45.9800000000029
2025-10-20 13:00:41+00:00,1052.051611027262,2025-10-20 13:01:41+00:00,1043.8331075755293,fall,True,9.42,-36.5600000000029
2025-10-20 13:01:28+00:00,1042.8312862355056,2025-10-20 13:02:28+00:00,1048.6940293727826,rise,True,9.42,-27.1400000000029
2025-10-20 13:01:37+00:00,1048.2125297798364,2025-10-20 13:02:37+00:00,1053.8933383884626,rise,True,9.42,-17.720000000002898
2025-10-20 13:01:44+00:00,1044.4677041641494,2025-10-20 13:02:44+00:00,1054.5599351923172,fall,False,-10.0,-27.720000000002898
2025-10-20 13:01:49+00:00,1044.2971313821722,2025-10-20 13:02:49+00:00,1059.2632795501927,fall,False,-10.0,-37.7200000000029
2025-10-20 13:01:55+00:00,1044.1166356211188,2025-10-20 13:02:55+00:00,1065.7207294977632,fall,False,-10.0,-47.7200000000029
2025-10-20 13:02:02+00:00,1047.6749095273676,2025-10-20 13:03:02+00:00,1061.2275807995031,rise,True,9.42,-38.300000000002896
2025-10-20 13:02:44+00:00,1054.5599351923172,2025-10-20 13:03:44+00:00,1038.4516505559882,rise,False,-10.0,-48.300000000002896
2025-10-20 13:02:49+00:00,1059.2632795501927,2025-10-20 13:03:49+00:00,1039.1823335575598,rise,False,-10.0,-58.300000000002896
2025-10-20 13:02:54+00:00,1065.3364064780376,2025-10-20 13:03:54+00:00,1037.7306023371607,rise,False,-10.0,-68.3000000000029
2025-10-20 13:02:59+00:00,1065.5701734225356,2025-10-20 13:03:59+00:00,1043.723122605557,rise,False,-10.0,-78.3000000000029
2025-10-20 13:03:23+00:00,1046.0617005219103,2025-10-20 13:04:23+00:00,1043.8540858288848,fall,True,9.42,-68.8800000000029
2025-10-20 13:03:39+00:00,1043.9648117779768,2025-10-20 13:04:39+00:00,1043.1631435564993,fall,True,9.42,-59.46000000000289
2025-10-20 13:03:44+00:00,1038.4516505559882,2025-10-20 13:04:44+00:00,1043.3270431444232,fall,False,-10.0,-69.46000000000289
2025-10-20 13:03:49+00:00,1039.1823335575598,2025-10-20 13:04:49+00:00,1043.5413783306467,fall,False,-10.0,-79.46000000000289
2025-10-20 13:03:54+00:00,1037.7306023371607,2025-10-20 13:04:54+00:00,1043.687104543819,fall,False,-10.0,-89.46000000000289
2025-10-20 13:03:59+00:00,1043.723122605557,2025-10-20 13:04:59+00:00,1045.3508128191936,rise,True,9.42,-80.04000000000289
2025-10-20 13:04:23+00:00,1043.8540858288848,2025-10-20 13:05:23+00:00,1046.6702876222953,fall,False,-10.0,-90.04000000000289
2025-10-20 13:04:28+00:00,1039.6816637921995,2025-10-20 13:05:28+00:00,1048.3525984540672,fall,False,-10.0,-100.04000000000289
2025-10-20 13:04:36+00:00,1039.984730717858,2025-10-20 13:05:36+00:00,1048.0567500778297,fall,False,-10.0,-110.04000000000289
2025-10-20 13:04:50+00:00,1043.6697967787231,2025-10-20 13:05:50+00:00,1049.3647985048713,rise,True,9.42,-100.62000000000289
2025-10-20 13:04:55+00:00,1043.6131451778283,2025-10-20 13:05:55+00:00,1046.397112892234,rise,True,9.42,-91.20000000000289
2025-10-20 13:05:00+00:00,1045.7185759573958,2025-10-20 13:06:00+00:00,1047.2838062882838,rise,True,9.42,-81.78000000000289
2025-10-20 13:05:23+00:00,1046.6702876222953,2025-10-20 13:06:23+00:00,1048.1125191008805,rise,True,9.42,-72.36000000000288
2025-10-20 13:05:32+00:00,1053.1617678183043,2025-10-20 13:06:32+00:00,1034.701690990819,rise,False,-10.0,-82.36000000000288
2025-10-20 13:05:43+00:00,1049.9604297032051,2025-10-20 13:06:43+00:00,1024.7050762318204,rise,False,-10.0,-92.36000000000288
2025-10-20 13:05:51+00:00,1049.4040414701867,2025-10-20 13:06:51+00:00,1019.2370945330623,fall,True,9.42,-82.94000000000288
2025-10-20 13:05:59+00:00,1048.3317661291721,2025-10-20 13:06:59+00:00,1024.9910909985372,fall,True,9.42,-73.52000000000288
2025-10-20 13:06:19+00:00,1045.2120354386284,2025-10-20 13:07:19+00:00,1025.243749689027,rise,False,-10.0,-83.52000000000288
2025-10-20 13:06:24+00:00,1044.4929309950776,2025-10-20 13:07:24+00:00,1025.8633544474142,rise,False,-10.0,-93.52000000000288
2025-10-20 13:06:39+00:00,1026.308974158637,2025-10-20 13:07:39+00:00,1025.6604033523056,fall,True,9.42,-84.10000000000288
2025-10-20 13:06:46+00:00,1022.8818129236439,2025-10-20 13:07:46+00:00,1019.3686319491873,fall,True,9.42,-74.68000000000288
2025-10-20 13:06:51+00:00,1019.2370945330623,2025-10-20 13:07:51+00:00,1020.7046614486798,fall,False,-10.0,-84.68000000000288
2025-10-20 13:06:58+00:00,1024.5562187401506,2025-10-20 13:07:58+00:00,1020.503858045244,rise,False,-10.0,-94.68000000000288
2025-10-20 13:07:06+00:00,1020.5476598058988,2025-10-20 13:08:06+00:00,1020.9337856284303,fall,False,-10.0,-104.68000000000288
2025-10-20 13:07:11+00:00,1021.5790580373346,2025-10-20 13:08:11+00:00,1016.3393879599804,fall,True,9.42,-95.26000000000288
2025-10-20 13:07:31+00:00,1028.8171769262995,2025-10-20 13:08:31+00:00,1008.445532173035,rise,False,-10.0,-105.26000000000288
2025-10-20 13:07:39+00:00,1025.6604033523056,2025-10-20 13:08:39+00:00,1012.0773673448621,fall,True,9.42,-95.84000000000287
2025-10-20 13:07:44+00:00,1022.5132509871825,2025-10-20 13:08:44+00:00,1012.2974157983847,fall,True,9.42,-86.42000000000287
2025-10-20 13:07:59+00:00,1022.7875545653509,2025-10-20 13:08:59+00:00,1008.3957376334857,rise,False,-10.0,-96.42000000000287
2025-10-20 13:08:05+00:00,1023.2045374133148,2025-10-20 13:09:05+00:00,1002.4148764000786,rise,False,-10.0,-106.42000000000287
2025-10-20 13:08:15+00:00,1012.0038662862052,2025-10-20 13:09:15+00:00,1005.9879942564564,fall,True,9.42,-97.00000000000287
2025-10-20 13:08:37+00:00,1008.1374137543517,2025-10-20 13:09:37+00:00,1001.7875511241543,fall,True,9.42,-87.58000000000287
2025-10-20 13:08:42+00:00,1010.8261798723029,2025-10-20 13:09:42+00:00,1002.8374613227099,rise,False,-10.0,-97.58000000000287
2025-10-20 13:08:59+00:00,1008.3957376334857,2025-10-20 13:09:59+00:00,1005.0115573255155,fall,True,9.42,-88.16000000000287
2025-10-20 13:09:15+00:00,1005.9879942564564,2025-10-20 13:10:15+00:00,997.4224307728276,rise,False,-10.0,-98.16000000000287
2025-10-20 13:09:20+00:00,1007.8212452440582,2025-10-20 13:10:20+00:00,994.5118081917578,rise,False,-10.0,-108.16000000000287
2025-10-20 13:09:25+00:00,1004.5453467914591,2025-10-20 13:10:25+00:00,987.2624235692475,fall,True,9.42,-98.74000000000287
2025-10-20 13:09:51+00:00,1002.8960204118737,2025-10-20 13:10:51+00:00,988.0443116151021,rise,False,-10.0,-108.74000000000287
2025-10-20 13:09:56+00:00,1004.8904452291175,2025-10-20 13:10:56+00:00,991.3226224678725,rise,False,-10.0,-118.74000000000287
2025-10-20 13:10:01+00:00,1005.3632932840322,2025-10-20 13:11:01+00:00,994.5512646010061,rise,False,-10.0,-128.74000000000285
2025-10-20 13:10:25+00:00,987.2624235692475,2025-10-20 13:11:25+00:00,997.401787715086,fall,False,-10.0,-138.74000000000285
2025-10-20 13:10:30+00:00,989.9968821501001,2025-10-20 13:11:30+00:00,995.3795677079395,fall,False,-10.0,-148.74000000000285
2025-10-20 13:10:35+00:00,987.3392535942783,2025-10-20 13:11:35+00:00,989.9356512264318,fall,False,-10.0,-158.74000000000285
2025-10-20 13:10:40+00:00,988.0958387227644,2025-10-20 13:11:40+00:00,992.9212401766426,fall,False,-10.0,-168.74000000000285
2025-10-20 13:10:49+00:00,985.2283386283337,2025-10-20 13:11:49+00:00,989.3967634436788,fall,False,-10.0,-178.74000000000285
2025-10-20 13:10:58+00:00,993.264262594858,2025-10-20 13:11:58+00:00,995.5177770926149,rise,True,9.42,-169.32000000000286
2025-10-20 13:11:06+00:00,1001.375596934004,2025-10-20 13:12:06+00:00,996.0323282392465,rise,False,-10.0,-179.32000000000286
2025-10-20 13:11:11+00:00,999.6159996638277,2025-10-20 13:12:11+00:00,995.2631023217106,rise,False,-10.0,-189.32000000000286
2025-10-20 13:11:26+00:00,999.9378533467942,2025-10-20 13:12:26+00:00,998.9559901053256,rise,False,-10.0,-199.32000000000286
2025-10-20 13:11:36+00:00,990.5247593228394,2025-10-20 13:12:36+00:00,998.6540278389314,fall,False,-10.0,-209.32000000000286
2025-10-20 13:11:41+00:00,991.1607500941841,2025-10-20 13:12:41+00:00,999.4937387416493,fall,False,-10.0,-219.32000000000286
2025-10-20 13:11:46+00:00,988.9243155254485,2025-10-20 13:12:46+00:00,998.0253206188119,fall,False,-10.0,-229.32000000000286
2025-10-20 13:11:51+00:00,987.3584602846172,2025-10-20 13:12:51+00:00,999.8027317294898,fall,False,-10.0,-239.32000000000286
2025-10-20 13:11:56+00:00,996.4137893908485,2025-10-20 13:12:56+00:00,1001.100280175061,rise,True,9.42,-229.90000000000288
2025-10-20 13:12:10+00:00,996.8033929014344,2025-10-20 13:13:10+00:00,1003.2604960653686,rise,True,9.42,-220.4800000000029
2025-10-20 13:12:35+00:00,999.4899884842315,2025-10-20 13:13:35+00:00,1004.8661576562674,rise,True,9.42,-211.0600000000029
2025-10-20 13:12:50+00:00,999.4685266040182,2025-10-20 13:13:50+00:00,992.2397698488269,rise,False,-10.0,-221.0600000000029
2025-10-20 13:13:10+00:00,1003.2604960653686,2025-10-20 13:14:10+00:00,997.4083164408345,rise,False,-10.0,-231.0600000000029
2025-10-20 13:13:15+00:00,1007.2246988991608,2025-10-20 13:14:15+00:00,998.8287185367411,rise,False,-10.0,-241.0600000000029
2025-10-20 13:13:26+00:00,1005.1370551078838,2025-10-20 13:14:26+00:00,996.576103512241,fall,True,9.42,-231.6400000000029
2025-10-20 13:13:36+00:00,1006.7784365350707,2025-10-20 13:14:36+00:00,1000.5313191395344,rise,False,-10.0,-241.6400000000029
2025-10-20 13:13:44+00:00,1005.8301431543119,2025-10-20 13:14:44+00:00,997.6401188437043,rise,False,-10.0,-251.6400000000029
2025-10-20 13:13:49+00:00,996.468258736303,2025-10-20 13:14:49+00:00,1000.0200797467953,fall,False,-10.0,-261.64000000000294
2025-10-20 13:13:54+00:00,995.4787192881067,2025-10-20 13:14:54+00:00,997.6256488607576,fall,False,-10.0,-271.64000000000294
2025-10-20 13:14:00+00:00,994.0690836723376,2025-10-20 13:15:00+00:00,1001.1777188691765,fall,False,-10.0,-281.64000000000294
2025-10-20 13:14:05+00:00,996.7946970764232,2025-10-20 13:15:05+00:00,1002.5258191331448,rise,True,9.42,-272.2200000000029
2025-10-20 13:14:34+00:00,1001.04886484734,2025-10-20 13:15:34+00:00,1007.8275895369285,rise,True,9.42,-262.8000000000029
2025-10-20 13:14:39+00:00,995.8066122953007,2025-10-20 13:15:39+00:00,1007.1828436982239,fall,False,-10.0,-272.8000000000029
2025-10-20 13:14:44+00:00,997.6401188437043,2025-10-20 13:15:44+00:00,1007.7368400608145,fall,False,-10.0,-282.8000000000029
2025-10-20 13:14:52+00:00,995.719276567233,2025-10-20 13:15:52+00:00,1006.395669216035,fall,False,-10.0,-292.8000000000029
2025-10-20 13:14:59+00:00,1001.2158332116608,2025-10-20 13:15:59+00:00,1006.3929592291502,rise,True,9.42,-283.3800000000029
2025-10-20 13:15:04+00:00,1002.3839015000605,2025-10-20 13:16:04+00:00,1007.2460300944911,rise,True,9.42,-273.9600000000029
2025-10-20 13:15:38+00:00,1008.4652351406214,2025-10-20 13:16:38+00:00,985.7799758271987,rise,False,-10.0,-283.9600000000029
2025-10-20 13:15:45+00:00,1006.9547050545482,2025-10-20 13:16:45+00:00,985.9396968348788,fall,True,9.42,-274.54000000000286
2025-10-20 13:15:54+00:00,1008.0198892357656,2025-10-20 13:16:54+00:00,985.1362868387286,rise,False,-10.0,-284.54000000000286
2025-10-20 13:16:00+00:00,1007.6080121197563,2025-10-20 13:17:00+00:00,986.6572523624429,rise,False,-10.0,-294.54000000000286
2025-10-20 13:16:40+00:00,987.3317817446448,2025-10-20 13:17:40+00:00,984.2764503408555,fall,True,9.42,-285.12000000000285
2025-10-20 13:16:45+00:00,985.9396968348788,2025-10-20 13:17:45+00:00,988.6023939130041,fall,False,-10.0,-295.12000000000285
2025-10-20 13:16:57+00:00,985.5909325966952,2025-10-20 13:17:57+00:00,988.4543292285872,fall,False,-10.0,-305.12000000000285
2025-10-20 13:17:02+00:00,986.2209064726643,2025-10-20 13:18:02+00:00,989.2017649493918,rise,True,9.42,-295.70000000000283
2025-10-20 13:17:23+00:00,983.6931567877031,2025-10-20 13:18:23+00:00,981.9559967658522,fall,True,9.42,-286.2800000000028
2025-10-20 13:17:29+00:00,992.2496792957138,2025-10-20 13:18:29+00:00,983.7793811562794,rise,False,-10.0,-296.2800000000028
2025-10-20 13:17:36+00:00,984.5273658741534,2025-10-20 13:18:36+00:00,991.7335712546927,fall,False,-10.0,-306.2800000000028
2025-10-20 13:17:52+00:00,989.8401048354422,2025-10-20 13:18:52+00:00,993.8526002361313,rise,True,9.42,-296.8600000000028
2025-10-20 13:17:57+00:00,988.4543292285872,2025-10-20 13:18:57+00:00,996.0572328280292,rise,True,9.42,-287.4400000000028
2025-10-20 13:18:17+00:00,981.9485640837563,2025-10-20 13:19:17+00:00,995.2974975575387,fall,False,-10.0,-297.4400000000028
2025-10-20 13:18:22+00:00,980.6953236230036,2025-10-20 13:19:22+00:00,1000.9853674439207,fall,False,-10.0,-307.4400000000028
